Tijd,Substraat,Biomassa
0,0.0188758367,0.000047189591863
0.1,0.0181969243,0.000046000965395
0.2,0.0207424501,0.000052964406501
0.3,0.0207346242,0.000053698606540
0.4,0.0217471013,0.000057122711097
0.5,0.0195225468,0.000052097506483
0.6,0.0200688867,0.000054211598741
0.7,0.0213118293,0.000058326340822
0.8,0.0181143632,0.000050330778644
0.9,0.0182054178,0.000051088156200
1,0.020125777,0.000057048064431
1.1,0.0206884545,0.000059419545801
1.2,0.0180261233,0.000052507283762
1.3,0.0195461229,0.000057494063487
1.4,0.0182813707,0.000054434425851
1.5,0.0197000889,0.000059258571167
1.6,0.0207798961,0.000063289799278
1.7,0.0203779595,0.000062954470357
1.8,0.0217388396,0.000068076045860
1.9,0.0213804283,0.000068021629775
2,0.0200875206,0.000064890013053
2.1,0.0183465729,0.000060049014893
2.2,0.020606714,0.000068145225644
2.3,0.0196471962,0.000065886310408
2.4,0.020788315,0.000070583260195
2.5,0.0216130359,0.000074438890221
2.6,0.0210016675,0.000073474876330
2.7,0.0189952306,0.000067436587085
2.8,0.018144787,0.000065154423197
2.9,0.0209095391,0.000075837154399
3,0.0192695712,0.000070910009135
3.1,0.0204894697,0.000076295536671
3.2,0.0209756784,0.000079192530494
3.3,0.0218982647,0.000083893895640
3.4,0.0193817092,0.000075463909042
3.5,0.0189138739,0.000074533670898
3.6,0.0218535389,0.000087093975625
3.7,0.0207951317,0.000084222485538
3.8,0.0209059673,0.000085896816857
3.9,0.0204883347,0.000085415811917
4,0.0181790937,0.000076847910103
4.1,0.0204172619,0.000087186828770
4.2,0.0214164553,0.000092720819654
4.3,0.0189658139,0.000083387991317
4.4,0.0196237453,0.000087269837614
4.5,0.0209367567,0.000094277370251
4.6,0.0197762431,0.000090365298609
4.7,0.018822105,0.000087107533524
4.8,0.0189780522,0.000088816244033
4.9,0.0193203396,0.000091457093582
5,0.0185573787,0.000088904239669
5.1,0.0198413585,0.000096081918282
5.2,0.0214754534,0.000105337812468
5.3,0.0215015252,0.000107118291467
5.4,0.0181111145,0.000091647048845
5.5,0.0214802833,0.000109793073039
5.6,0.0198713974,0.000103164411548
5.7,0.0199158863,0.000104739656886
5.8,0.0191300847,0.000101922936751
5.9,0.0217860413,0.000117440531867
6,0.0198078976,0.000108512368553
6.1,0.0189025367,0.000104890406482
6.2,0.0182136729,0.000102221970383
6.3,0.0216296573,0.000122642518796
6.4,0.0181407024,0.000104505089789
6.5,0.0198492227,0.000115511097659
6.6,0.0193841667,0.000114270121119
6.7,0.0189614419,0.000113143981800
6.8,0.0214959093,0.000129744926251
6.9,0.0199513701,0.000122322698571
7,0.0196886755,0.000122303206515
7.1,0.0215774347,0.000135744368023
7.2,0.0180257502,0.000115209259994
7.3,0.0208609001,0.000134665587450
7.4,0.0208813912,0.000136784149432
7.5,0.0210952476,0.000140227892247
7.6,0.0182993098,0.000123486627094
7.7,0.017877731,0.000121907395031
7.8,0.0205582301,0.000141559066960
7.9,0.0212594032,0.000148472657784
8,0.0202958936,0.000143933977687
8.1,0.02070973,0.000148899929849
8.2,0.0206541906,0.000150659996563
8.3,0.0217244984,0.000160758616362
8.4,0.021261854,0.000159901116973
8.5,0.0186587228,0.000142503988562
8.6,0.0189552901,0.000146383239497
8.7,0.0191369014,0.000149506139560
8.8,0.019780588,0.000156380630849
8.9,0.0200845255,0.000160851646498
9,0.0210831984,0.000171136752261
9.1,0.0193555442,0.000159510227708
9.2,0.0210487801,0.000175604501989
9.3,0.0187781931,0.000159045882807
9.4,0.019360101,0.000165842035081
9.5,0.019841049,0.000172062991792
9.6,0.0195634984,0.000171891513624
9.7,0.0188504779,0.000167732471630
9.8,0.0184272061,0.000165855467695
9.9,0.0183397645,0.000166854236160
10,0.0199979946,0.000183882249210
10.1,0.0209012259,0.000194771660076
10.2,0.0178542901,0.000168873530612
10.3,0.0198451186,0.000189559609282
10.4,0.0196984192,0.000190642691114
10.5,0.0214951466,0.000210728216717
10.6,0.0206558593,0.000205749961947
10.7,0.0198796736,0.000200914091084
10.8,0.0211956754,0.000217065766509
10.9,0.0201302572,0.000209366550108
11,0.0209743265,0.000221148434903
11.1,0.0182793199,0.000195668182368
11.2,0.0184972541,0.000200113635272
11.3,0.0204761206,0.000223965617613
11.4,0.0181703274,0.000201603761148
11.5,0.0180262347,0.000202104448931
11.6,0.0187595863,0.000212483496718
11.7,0.0176972641,0.000202750805852
11.8,0.0193297773,0.000223604181999
11.9,0.017805144,0.000208527147455
12,0.0205070208,0.000242545152721
12.1,0.0213901912,0.000256642327839
12.2,0.0186229732,0.000227011014847
12.3,0.0183969006,0.000226783089379
12.4,0.0189421188,0.000236048204952
12.5,0.0211840075,0.000267102754411
12.6,0.0202383818,0.000259172509399
12.7,0.018257022,0.000237080927046
12.8,0.0203516676,0.000267107667378
12.9,0.0191784551,0.000255295033446
13,0.0191855763,0.000258519630861
13.1,0.0196246989,0.000267682021332
13.2,0.0182372729,0.000251997597435
13.3,0.0199719511,0.000278917453219
13.4,0.0209764866,0.000296938533935
13.5,0.0199535853,0.000286802260746
13.6,0.0213754125,0.000311426915346
13.7,0.0197861194,0.000292917343550
13.8,0.0181822412,0.000272775327784
13.9,0.0214591696,0.000325371767086
14,0.0191851959,0.000295635831178
14.1,0.0181401935,0.000282996096930
14.2,0.0198029571,0.000312219330372
14.3,0.0185718363,0.000296749242398
14.4,0.0195000599,0.000315122415303
14.5,0.0193987205,0.000317544943647
14.6,0.0213360211,0.000353723900868
14.7,0.0180497124,0.000304080001552
14.8,0.0183462947,0.000312331227184
14.9,0.01881872,0.000323907870521
15,0.0200303259,0.000348842145571
15.1,0.0180564753,0.000318844798084
15.2,0.0201127897,0.000358907539903
15.3,0.0199834022,0.000361621310032
15.4,0.0206784117,0.000379391608907
15.5,0.0184944918,0.000344450207432
15.6,0.0193885294,0.000365201940798
15.7,0.0190430273,0.000363318903452
15.8,0.0183158726,0.000353747508813
15.9,0.0176395112,0.000344458264564
16,0.021054664,0.000415234318041
16.1,0.019177899,0.000384209303799
16.2,0.0180661192,0.000366489442698
16.3,0.0212088183,0.000434841575708
16.4,0.0190906639,0.000397736229554
16.5,0.0180015145,0.000379722713145
16.6,0.0209422083,0.000446444215661
16.7,0.0178338726,0.000386161764600
16.8,0.0181142354,0.000396296190171
16.9,0.0177654612,0.000392878451748
17,0.0189184226,0.000422664346184
17.1,0.0184786633,0.000417885785897
17.2,0.0180213697,0.000412221915980
17.3,0.0205475782,0.000475037266937
17.4,0.0192508307,0.000451776597990
17.5,0.0188323846,0.000447634870571
17.6,0.0192282586,0.000462591799061
17.7,0.0206046608,0.000502068023329
17.8,0.0210555853,0.000520892900319
17.9,0.0199405136,0.000501256452575
18,0.0182357772,0.000464896998707
18.1,0.0200339829,0.000516465234071
18.2,0.0209015345,0.000546570261356
18.3,0.0183291739,0.000486944836394
18.4,0.0206864678,0.000555852234026
18.5,0.0191571479,0.000522791890427
18.6,0.0192816933,0.000532987727146
18.7,0.0196344576,0.000549878773771
18.8,0.0204545168,0.000580750810282
18.9,0.0201913046,0.000582045295157
19,0.019041689,0.000557060107257
19.1,0.0209086973,0.000619529412299
19.2,0.0196551794,0.000591827598680
19.3,0.0188981148,0.000576989893791
19.4,0.0203637513,0.000629609275318
19.5,0.0198184693,0.000622132969733
19.6,0.0198488384,0.000632034889056
19.7,0.0209140479,0.000675575057737
19.8,0.0207537202,0.000681407775551
19.9,0.0203279268,0.000678226010053
20,0.0181677567,0.000615514043493
20.1,0.0191070075,0.000654828336463
20.2,0.019006725,0.000660037331992
20.3,0.0174376674,0.000613491970849
20.4,0.0186198913,0.000661857830504
20.5,0.0192280402,0.000691984662756
20.6,0.0203469932,0.000742191019305
20.7,0.018666363,0.000691545080324
20.8,0.0197509675,0.000740960817876
20.9,0.0202535011,0.000770923208453
21,0.0196437746,0.000759371567261
21.1,0.0199406783,0.000782030247826
21.2,0.0195592009,0.000778646938616
21.3,0.0196683461,0.000794288333841
21.4,0.0169355043,0.000693956375558
21.5,0.020193576,0.000835510140999
21.6,0.0188091974,0.000790447648309
21.7,0.0185640529,0.000790418593305
21.8,0.017064146,0.000735815884862
21.9,0.0194932254,0.000849003092464
22,0.0186303048,0.000823190185114
22.1,0.0192836829,0.000863086830492
22.2,0.019314622,0.000876734631234
22.3,0.0174949486,0.000805477901881
22.4,0.0201633491,0.000938501790652
22.5,0.0199381628,0.000942820781384
22.6,0.0199938407,0.000960179906405
22.7,0.018677103,0.000911059732659
22.8,0.0171625512,0.000848310231143
22.9,0.0183148378,0.000914785614957
23,0.0202944552,0.001026501330067
23.1,0.0173975278,0.000894462128932
23.2,0.0182451418,0.000948394884496
23.3,0.0177513832,0.000934390839015
23.4,0.0184767505,0.000983994052284
23.5,0.0198097927,0.001068840956908
23.6,0.0181495198,0.000994658473182
23.7,0.018237653,0.001012082869758
23.8,0.0194660776,0.001094080745540
23.9,0.0178158135,0.001016543151221
24,0.017242612,0.000995725328463
24.1,0.0201201593,0.001174715560293
24.2,0.016988051,0.001008307867771
24.3,0.018726862,0.001123328215616
24.4,0.0186500815,0.001134348281059
24.5,0.0163838105,0.001010325409434
24.6,0.0163888914,0.001020335661663
24.7,0.0192060244,0.001207225277242
24.8,0.0190043366,0.001212508094431
24.9,0.0174909712,0.001132356654954
25,0.0178373823,0.001168425009767
25.1,0.0187807525,0.001245613443253
25.2,0.0187434457,0.001261034052003
25.3,0.0169961724,0.001159920734924
25.4,0.019268647,0.001329506981370
25.5,0.0187693168,0.001315144718711
25.6,0.0191674488,0.001362631004181
25.7,0.016492304,0.001190561984541
25.8,0.0164441894,0.001199245494666
25.9,0.0188907251,0.001391679235133
26,0.0183720616,0.001373793979119
26.1,0.0168557925,0.001278111609136
26.2,0.016846123,0.001291549508940
26.3,0.0163639936,0.001268519160294
26.4,0.0174600914,0.001367288300184
26.5,0.019451666,0.001542098648045
26.6,0.0193844618,0.001562060562831
26.7,0.0173545087,0.001421429041667
26.8,0.0169080238,0.001401972077812
26.9,0.0183933789,0.001542686348616
27,0.0169142783,0.001439279763950
27.1,0.0186410442,0.001604645263798
27.2,0.0186239208,0.001627515809046
27.3,0.0173105411,0.001535781034374
27.4,0.0167957363,0.001508881871086
27.5,0.0164712539,0.001496899528641
27.6,0.0158198019,0.001453492628560
27.7,0.0164500303,0.001526082039167
27.8,0.0192112774,0.001801867016951
27.9,0.0165715385,0.001580387644904
28,0.0185660268,0.001790739043157
28.1,0.0161397479,0.001580977320763
28.2,0.0170404077,0.001686909882626
28.3,0.0177215552,0.001776273983356
28.4,0.016215535,0.001648061208398
28.5,0.0184599701,0.001896650439600
28.6,0.0160926552,0.001679374904994
28.7,0.0189467728,0.001998530774948
28.8,0.0163704092,0.001755972786228
28.9,0.0162716998,0.001765434177499
29,0.0158017522,0.001733868998791
29.1,0.0161954944,0.001795541119297
29.2,0.0176024206,0.001973492299051
29.3,0.0177711915,0.002020949548541
29.4,0.018063148,0.002084508241112
29.5,0.017676363,0.002071526912390
29.6,0.0178232149,0.002119583772968
29.7,0.0174914968,0.002111736072724
29.8,0.0173253053,0.002122121064626
29.9,0.0153403271,0.001905825534626
30,0.0171529837,0.002152389512086
30.1,0.015866009,0.002018854012483
30.2,0.0161539774,0.002078687462220
30.3,0.0174042772,0.002266387523238
30.4,0.0154116697,0.002036695367112
30.5,0.0175481608,0.002343367358890
30.6,0.016708407,0.002265454485206
30.7,0.0167618494,0.002303460918002
30.8,0.0168338055,0.002345151160208
30.9,0.0159380493,0.002251462348863
31,0.0171400437,0.002450452147022
31.1,0.0152494086,0.002212638777617
31.2,0.0152926485,0.002242579346142
31.3,0.0163336804,0.002421156751065
31.4,0.0175203282,0.002631517045253
31.5,0.0173031021,0.002640910220835
31.6,0.0164097381,0.002544110335970
31.7,0.0169551597,0.002664930605430
31.8,0.0155340984,0.002478704316956
31.9,0.014922757,0.002409594322462
32,0.016167356,0.002638204516031
32.1,0.0154251762,0.002551330016460
32.2,0.0162823432,0.002725231160232
32.3,0.0160103795,0.002717435288104
32.4,0.0156886234,0.002698855223309
32.5,0.0151038141,0.002631656072804
32.6,0.0154280436,0.002719161444744
32.7,0.0154642512,0.002759351127782
32.8,0.0155963951,0.002817959329168
32.9,0.0156462228,0.002863745966557
33,0.0153263711,0.002842350463058
33.1,0.0149485599,0.002807092201146
33.2,0.0142892639,0.002714728088597
33.3,0.0151774011,0.002912811302441
33.4,0.014778949,0.002871657654490
33.5,0.0160437868,0.003153439422381
33.6,0.0159976735,0.003191127128448
33.7,0.0154374544,0.003125256846857
33.8,0.016046987,0.003292807102333
33.9,0.0159579561,0.003324705400138
34,0.0165750379,0.003505928865393
34.1,0.0150263191,0.003232637265655
34.2,0.0164275003,0.003580435381858
34.3,0.0144861162,0.003211102193975
34.4,0.0148644344,0.003334438794457
34.5,0.014986312,0.003405824894337
34.6,0.0153637577,0.003538960629606
34.7,0.0145317423,0.003396658057285
34.8,0.0150897041,0.003571573963461
34.9,0.0161517239,0.003877551008954
35,0.0136143669,0.003325495291812
35.1,0.0151039843,0.003728286293095
35.2,0.0140898934,0.003529476280925
35.3,0.0146220342,0.003707132969754
35.4,0.0145113395,0.003729630958667
35.5,0.0153382866,0.003995714856883
35.6,0.012927744,0.003422177500161
35.7,0.0136471072,0.003646594026292
35.8,0.0146597182,0.003962323893140
35.9,0.0143194415,0.003926891361430
36,0.0153115801,0.004256839615600
36.1,0.0133933341,0.003786687279076
36.2,0.0153253899,0.004382373755189
36.3,0.0132175782,0.003845463645911
36.4,0.0148380024,0.004365304576281
36.5,0.014340555,0.004287777820888
36.6,0.0136146724,0.004131762355497
36.7,0.0145503353,0.004472806115071
36.8,0.012305055,0.003843337558324
36.9,0.0126575321,0.003990013213995
37,0.0141036385,0.004492201980124
37.1,0.0140319666,0.004536956323770
37.2,0.013230861,0.004342594279114
37.3,0.0135667458,0.004509521594343
37.4,0.0139518065,0.004702422248005
37.5,0.0145066903,0.004965155981463
37.6,0.0136307732,0.004747615987664
37.7,0.0124707897,0.004408448757100
37.8,0.0136618933,0.004883835057592
37.9,0.0120760344,0.004383619490278
38,0.0116105869,0.004257987674180
38.1,0.0128501798,0.004754323851466
38.2,0.0117261486,0.004395518202275
38.3,0.0119087061,0.004506339850292
38.4,0.0137577106,0.005259250515595
38.5,0.0133586318,0.005192974796259
38.6,0.0131832362,0.005205517362496
38.7,0.0123274256,0.004942511529845
38.8,0.0112025118,0.004547771724788
38.9,0.0126117416,0.005164432214759
39,0.0123800397,0.005139993553739
39.1,0.0112087382,0.004715427209705
39.2,0.0123469747,0.005241979127681
39.3,0.0119059154,0.005122982436889
39.4,0.0114311,0.004978019457132
39.5,0.0118010678,0.005192955653825
39.6,0.0123274254,0.005489773594042
39.7,0.0123314427,0.005569829804034
39.8,0.0123751876,0.005670813228938
39.9,0.0118924095,0.005531233993124
40,0.011220477,0.005288276595871
40.1,0.0124273792,0.005920881065972
40.2,0.0113071591,0.005473192770288
40.3,0.0119808082,0.005867006983630
40.4,0.0110398998,0.005485520367285
40.5,0.0103050186,0.005176899223374
40.6,0.0104941179,0.005315336496106
40.7,0.0114092004,0.005831503896160
40.8,0.0119204214,0.006172367413644
40.9,0.0105883269,0.005567746809992
41,0.0101777017,0.005405901715481
41.1,0.0101824424,0.005454628997067
41.2,0.0103508235,0.005593007420957
41.3,0.011560675,0.006306285138244
41.4,0.0105401151,0.005835902088058
41.5,0.0099538905,0.005570672024246
41.6,0.01085619,0.006126676326210
41.7,0.0107496099,0.006142512034948
41.8,0.0108250617,0.006261641399940
41.9,0.0106023849,0.006211840269331
42,0.0099121633,0.005877790699130
42.1,0.0101641275,0.006082496003164
42.2,0.0112758465,0.006818544173343
42.3,0.01089336,0.006692742456661
42.4,0.0105681839,0.006587248533171
42.5,0.0107127832,0.006765897019259
42.6,0.0099164215,0.006352349589034
42.7,0.0093089938,0.006026707625413
42.8,0.0111734295,0.007290896175247
42.9,0.0101702237,0.006752146745437
43,0.0090215626,0.006065450250325
43.1,0.0107059341,0.007249462366900
43.2,0.0089744218,0.006173966750364
43.3,0.0096372272,0.006678532720567
43.4,0.0098065704,0.006869593894598
43.5,0.0099156375,0.007029166290732
43.6,0.0101644762,0.007298064639666
43.7,0.0099686406,0.007261404724801
43.8,0.0096202273,0.007104359891874
43.9,0.0086078094,0.006434266065154
44,0.0087485556,0.006584823508828
44.1,0.0103234962,0.007830961835644
44.2,0.0087551454,0.006753827561631
44.3,0.0090245581,0.007019730509620
44.4,0.0094647817,0.007436002943706
44.5,0.0093851434,0.007467976169924
44.6,0.0084397388,0.006800844081965
44.7,0.0091877344,0.007458708767270
44.8,0.009850857,0.008092995986965
44.9,0.0086853785,0.007252786357381
45,0.0094972475,0.008007364032692
45.1,0.0096519911,0.008259643213537
45.2,0.0083061078,0.007224741342559
45.3,0.0082581556,0.007242520058915
45.4,0.0085230054,0.007535823723570
45.5,0.0091447026,0.008166530293851
45.6,0.0092090501,0.008342134902117
45.7,0.0080175156,0.007373504941668
45.8,0.0088543362,0.008205890314712
45.9,0.008670922,0.008144410182465
46,0.0082014578,0.007800756262426
46.1,0.0078454514,0.007534868380184
46.2,0.0084733946,0.008199545671196
46.3,0.0075165161,0.007361611431622
46.4,0.0076473174,0.007533097629912
46.5,0.0074655258,0.007404031267808
46.6,0.0081449182,0.008123945134949
46.7,0.0072252726,0.007282974164320
46.8,0.0074849225,0.007578002619815
46.9,0.008136731,0.008289705273270
47,0.0078151877,0.008050557130645
47.1,0.0072224901,0.007507397045110
47.2,0.0081573142,0.008521724659142
47.3,0.0076076273,0.008042774479413
47.4,0.0082868225,0.008832679655392
47.5,0.0071154946,0.007687532686677
47.6,0.008402557,0.009124400187469
47.7,0.0068822325,0.007586922283628
47.8,0.0069489192,0.007689783241712
47.9,0.00756201,0.008405070497643
48,0.0079327967,0.008898205184786
48.1,0.008112519,0.009212954596211
48.2,0.0070216485,0.008088541869640
48.3,0.0071600869,0.008296570035412
48.4,0.0077301914,0.009021046852360
48.5,0.0072753231,0.008592464544425
48.6,0.0075960316,0.009048347900731
48.7,0.0074250355,0.008947004702410
48.8,0.0073864865,0.008993731291186
48.9,0.0074403138,0.009154079770615
49,0.006370638,0.007926431434525
49.1,0.0066387878,0.008280186511961
49.2,0.0066092993,0.008282299310351
49.3,0.0070690419,0.008899001922019
49.4,0.0071529349,0.009082834645052
49.5,0.0070556209,0.009046222164530
49.6,0.0066756971,0.008637241773733
49.7,0.0064506928,0.008396022414468
49.8,0.0064484403,0.008427888557039
49.9,0.0070034698,0.009191977471318
50,0.0063001061,0.008346333006058
50.1,0.0070698933,0.009396552622407
50.2,0.006235548,0.008373893056955
50.3,0.0060771822,0.008185669265684
50.4,0.0068963561,0.009304454165778
50.5,0.0061385991,0.008358575718428
50.6,0.0072256613,0.009862854127850
50.7,0.0065462607,0.009050427232778
50.8,0.0066959118,0.009318752852620
50.9,0.0070374985,0.009875323137819
51,0.0058202724,0.008265287002152
51.1,0.0065655985,0.009328289013271
51.2,0.0066945683,0.009584320898518
51.3,0.0063626789,0.009193014530031
51.4,0.0057742313,0.008394051564186
51.5,0.0062689747,0.009118452861170
51.6,0.0063442895,0.009277795907908
51.7,0.006634438,0.009763352168565
51.8,0.0057044908,0.008474747873776
51.9,0.0061795072,0.009183959613154
52,0.0068239452,0.010193561365390
52.1,0.0061317585,0.009270466646172
52.2,0.0059395885,0.009025928222860
52.3,0.0060712941,0.009256330012028
52.4,0.0064155547,0.009827498112264
52.5,0.0057201853,0.008837353986711
52.6,0.0056761991,0.008782166093879
52.7,0.0059198687,0.009168705381005
52.8,0.0065937649,0.010249099315757
52.9,0.0065672167,0.010320860459946
53,0.0056640518,0.009001217577791
53.1,0.0054405193,0.008659638387166
53.2,0.0055114776,0.008766253789325
53.3,0.0059954068,0.009535943088963
53.4,0.0055377458,0.008853600299492
53.5,0.0059647503,0.009540036938215
53.6,0.0054545789,0.008767727573410
53.7,0.0063329331,0.010176012032828
53.8,0.0057301037,0.009293181536473
53.9,0.0057847969,0.009408401502411
54,0.0056576589,0.009233908401079
54.1,0.0061025939,0.009982041128475
54.2,0.0059090093,0.009735838611418
54.3,0.0062276678,0.010315256004361
54.4,0.0060513201,0.010115551287973
54.5,0.0061055162,0.010282208657768
54.6,0.0059093173,0.010035140313081
54.7,0.0055287316,0.009448069794461
54.8,0.0061386005,0.010511448365798
54.9,0.0057223432,0.009890964856230
55,0.0054299023,0.009429126422185
55.1,0.0056241078,0.009779177605744
55.2,0.0055147333,0.009624032726734
55.3,0.005445996,0.009527395349099
55.4,0.0052612205,0.009219846402360
55.5,0.0050905814,0.008917096731352
55.6,0.0054803391,0.009576958079839
55.7,0.0055292139,0.009682464397820
55.8,0.0053157315,0.009333974576079
55.9,0.0051115508,0.008977868912971
56,0.0052469905,0.009196569783234
56.1,0.0059039651,0.010342109991473
56.2,0.0055650366,0.009819763862690
56.3,0.0057069186,0.010104182503720
56.4,0.0058973092,0.010495953132242
56.5,0.0051822212,0.009295479444519
56.6,0.0056990939,0.010214833864806
56.7,0.0051858716,0.009346622719692
56.8,0.0053201793,0.009582971756406
56.9,0.0049885975,0.008994763663295
57,0.0054168006,0.009738395302364
57.1,0.0051611048,0.009298482084376
57.2,0.0057810225,0.010405979753542
57.3,0.0054189542,0.009820052794504
57.4,0.0048803083,0.008865112436186
57.5,0.0051852258,0.009381237264138
57.6,0.0056231758,0.010168445732164
57.7,0.0053412546,0.009705839534120
57.8,0.0050775779,0.009240646380419
57.9,0.0059294264,0.010773146355537
58,0.0049913278,0.009150626744167
58.1,0.0057184663,0.010457451041442
58.2,0.0058489399,0.010765630487423
58.3,0.0049809976,0.009245847752054
58.4,0.005457359,0.010106373221254
58.5,0.0048638518,0.009039279481215
58.6,0.00518458,0.009599479045555
58.7,0.0051266064,0.009493046384023
58.8,0.0053632432,0.009925086768427
58.9,0.0056915276,0.010557081368267
59,0.0056687568,0.010584980126443
59.1,0.0055231724,0.010381380918607
59.2,0.0050826379,0.009600303163085
59.3,0.0055843595,0.010541158151254
59.4,0.005378082,0.010211544078064
59.5,0.0047503473,0.009049707334449
59.6,0.0047664664,0.009038913972438
59.7,0.0049043072,0.009258768923954
59.8,0.0055664971,0.010478649905032
59.9,0.004798586,0.009083138457295
60,0.0053003084,0.009991584682003
60.1,0.0057237125,0.010812185359302
60.2,0.0049435898,0.009411363300302
60.3,0.0049373544,0.009378877430611
60.4,0.0048268909,0.009147741015061
60.5,0.0054885145,0.010362745206743
60.6,0.0054744853,0.010383795425925
60.7,0.0052315516,0.009968376563408
60.8,0.004981812,0.009506862783795
60.9,0.0054613,0.010404661683977
61,0.0050924909,0.009746148009313
61.1,0.0049084417,0.009392366183209
61.2,0.0049536394,0.009455084533326
61.3,0.0051766813,0.009861043670217
61.4,0.0052089398,0.009930327826062
61.5,0.0056143042,0.010716287675366
61.6,0.0057030337,0.010958489550846
61.7,0.0051120749,0.009903400027877
61.8,0.0046866315,0.009083148454638
61.9,0.0052164561,0.010059584017346
62,0.004699066,0.009077020061769
62.1,0.0054718824,0.010518065522602
62.2,0.005280923,0.010201762920772
62.3,0.0055088512,0.010669635758135
62.4,0.0049733794,0.009688271633396
62.5,0.004878797,0.009492356870792
62.6,0.0052047332,0.010101405270547
62.7,0.0050880852,0.009891963871386
62.8,0.0050597268,0.009838993683442
62.9,0.0056633918,0.011011244561715
63,0.0056026967,0.010981541108408
63.1,0.0054472767,0.010757776004813
63.2,0.0054375319,0.010799279732722
63.3,0.0048498207,0.009687278178082
63.4,0.0046946592,0.009356698096710
63.5,0.0055739095,0.011061422429243
63.6,0.0051758111,0.010350173418944
63.7,0.0049930905,0.010007513049698
63.8,0.0054601842,0.010941750015580
63.9,0.0051882273,0.010463420497932
64,0.0052997956,0.010717661871219
64.1,0.0050068264,0.010170065756812
64.2,0.0050358707,0.010233239201758
64.3,0.0046217009,0.009399398316930
64.4,0.0054246299,0.010979366004843
64.5,0.0052715077,0.010736544001797
64.6,0.0045940449,0.009396824816784
64.7,0.0045014041,0.009160869961393
64.8,0.004828791,0.009764568275436
64.9,0.0046047761,0.009291382893613
65,0.0046127812,0.009259191527316
65.1,0.0050601492,0.010104388957118
65.2,0.0045572179,0.009105844986998
65.3,0.0051281827,0.010185198580557
65.4,0.0054209134,0.010781649910173
65.5,0.0050521038,0.010103889218320
65.6,0.0052082737,0.010422119710408
65.7,0.005258489,0.010551578197309
65.8,0.0052031317,0.010477644347194
65.9,0.0045151653,0.009118595875274
66,0.0047108347,0.009453493843321
66.1,0.0052101398,0.010414430640359
66.2,0.0048707291,0.009762691831685
66.3,0.0045973008,0.009197750415335
66.4,0.004695325,0.009342543824923
66.5,0.0055063987,0.010909081269899
66.6,0.0047680926,0.009508932792880
66.7,0.0049429282,0.009824887986540
66.8,0.0051566825,0.010238598280158
66.9,0.0047248499,0.009397884742523
67,0.004598535,0.009110579510871
67.1,0.0053009784,0.010443020506051
67.2,0.0053573061,0.010591048493847
67.3,0.005287264,0.010498788005873
67.4,0.0046272773,0.009221297634994
67.5,0.0051694083,0.010248542069870
67.6,0.005501246,0.010927207375526
67.7,0.0054733576,0.010944089003198
67.8,0.0049415495,0.009945041799805
67.9,0.0050206551,0.010096527862070
68,0.0053454588,0.010752919418782
68.1,0.0054100699,0.010936112578253
68.2,0.0050657339,0.010301686761176
68.3,0.0051809775,0.010549451436777
68.4,0.0049648135,0.010139207970674
68.5,0.0049364314,0.010081061053571
68.6,0.0046121078,0.009414815952252
68.7,0.0054416376,0.011054328061389
68.8,0.0050123604,0.010250337976295
68.9,0.0047117395,0.009642246041759
69,0.0049817611,0.010159629348650
69.1,0.0051461821,0.010496808245786
69.2,0.0051032494,0.010435452564842
69.3,0.004532352,0.009286457385923
69.4,0.0050032105,0.010191497712678
69.5,0.0050624233,0.010316688021025
69.6,0.0051129619,0.010433156518543
69.7,0.0049326453,0.010085906061619
69.8,0.0050098139,0.010239260443078
69.9,0.0050237567,0.010274327882727
70,0.0048740527,0.009976708079367
70.1,0.0045926634,0.009389263555019
70.2,0.0049616918,0.010092229028835
70.3,0.005189565,0.010553819659784
70.4,0.0044830883,0.009144815017267
70.5,0.0045293877,0.009178645122408
70.6,0.0050249205,0.010120850916851
70.7,0.0048216078,0.009715282115583
70.8,0.0045455355,0.009137422640603
70.9,0.0047820377,0.009554828341617
71,0.0046559875,0.009274209029046
71.1,0.0049561798,0.009824756258441
71.2,0.0051323178,0.010163892714068
71.3,0.0051723324,0.010257108456339
71.4,0.0051776741,0.010287783584713
71.5,0.0054959835,0.010943099680814
71.6,0.0052996504,0.010622589388696
71.7,0.0050210835,0.010105536841404
71.8,0.0049930842,0.010052490863224
71.9,0.0051569316,0.010381871607153
72,0.0051934776,0.010478788579949
72.1,0.0048918136,0.009898006376285
72.2,0.0049765378,0.010056401495175
72.3,0.0049701429,0.010041803063988
72.4,0.0052014879,0.010506485919583
72.5,0.0050121343,0.010154145205620
72.6,0.0047538763,0.009634817273582
72.7,0.0050953361,0.010294636595380
72.8,0.0047641563,0.009639792090392
72.9,0.0052000046,0.010489879318259
73,0.0050141417,0.010144386884794
73.1,0.0054185773,0.010966895193542
73.2,0.0046922346,0.009555675524495
73.3,0.0048853244,0.009910765348639
73.4,0.0050740676,0.010280161578921
73.5,0.0052526288,0.010655469480295
73.6,0.005370399,0.010936462373723
73.7,0.0051074883,0.010460669747365
73.8,0.0052350099,0.010744378926466
73.9,0.0049278955,0.010154829960806
74,0.0046373878,0.009553595826341
74.1,0.0045698542,0.009373929791689
74.2,0.005338847,0.010893192206639
74.3,0.0046754978,0.009590675108529
74.4,0.005086665,0.010393491593980
74.5,0.0044410106,0.009089892785974
74.6,0.0053928901,0.010960423102823
74.7,0.0047121929,0.009634329252642
74.8,0.0053041528,0.010806965511551
74.9,0.0047099197,0.009642084467527
75,0.0053902039,0.010996435959931
75.1,0.0049226374,0.010103817972270
75.2,0.0045468003,0.009328087568195
75.3,0.004859746,0.009914144213729
75.4,0.0051491804,0.010488724083469
75.5,0.0048747303,0.009954689918642
75.6,0.0045550771,0.009290046584929
75.7,0.005232245,0.010611074618020
75.8,0.0045556014,0.009271737211790
75.9,0.0049185855,0.009953802824369
76,0.0048262314,0.009757877266491
76.1,0.004788293,0.009659785435243
76.2,0.0052610447,0.010584036267956
76.3,0.0048257588,0.009744158773683
76.4,0.0048276923,0.009726136707077
76.5,0.004562008,0.009169908616659
76.6,0.0051070659,0.010205658829779
76.7,0.0050128549,0.010030419170140
76.8,0.0047283701,0.009461596948752
76.9,0.0046556604,0.009281024801709
77,0.0055471994,0.011005296186982
77.1,0.0054013074,0.010793823482032
77.2,0.0050017882,0.010049954730712
77.3,0.0048770391,0.009799436541135
77.4,0.0053234626,0.010678411708510
77.5,0.004659939,0.009389286674095
77.6,0.004676201,0.009379591456557
77.7,0.004592112,0.009170459857788
77.8,0.0047079731,0.009349452201396
77.9,0.0050500489,0.009986647027703
78,0.0049604625,0.009811497614038
78.1,0.0054769098,0.010822282655960
78.2,0.0049826362,0.009905681347602
78.3,0.0049732348,0.009881537251617
78.4,0.0052186748,0.010362022239206
78.5,0.0048599796,0.009675276237730
78.6,0.0046181654,0.009174078416105
78.7,0.0054081498,0.010686002931910
78.8,0.0054682512,0.010860100126613
78.9,0.0054606021,0.010911862354458
79,0.0054119196,0.010882773830193
79.1,0.0052531197,0.010625193190999
79.2,0.0046401019,0.009420608985342
79.3,0.005059855,0.010225584936978
79.4,0.0045160659,0.009135698647493
79.5,0.005315298,0.010684832968620
79.6,0.0050137754,0.010123411022061
79.7,0.0053509802,0.010807774616552
79.8,0.0047459312,0.009634873437556
79.9,0.0053494874,0.010825557511089
80,0.0050444829,0.010261214072590
80.1,0.004843995,0.009863066981844
80.2,0.0052710092,0.010713428715552
80.3,0.0049681648,0.010140310925391
80.4,0.0053773034,0.010975515925228
80.5,0.0048376156,0.009932473562261
80.6,0.0050017974,0.010252698751947
80.7,0.0051652937,0.010594366108790
80.8,0.0052803557,0.010862738117518
80.9,0.0047271691,0.009771318590205
81,0.0045940106,0.009467611043333
81.1,0.0051585967,0.010579200180406
81.2,0.0051212088,0.010532852691093
81.3,0.00526653,0.010858205093155
81.4,0.0044581167,0.009234403730686
81.5,0.0051093121,0.010513413434992
81.6,0.0052638008,0.010856080889465
81.7,0.0047351816,0.009811204805809
81.8,0.0044835086,0.009263480584160
81.9,0.0045787096,0.009400439725896
82,0.0048522474,0.009910463032578
82.1,0.0045423088,0.009262731107704
82.2,0.0051403681,0.010421495458903
82.3,0.0050188597,0.010197896005268
82.4,0.0052641746,0.010702644742278
82.5,0.0053089963,0.010838211638699
82.6,0.0051785047,0.010623910378768
82.7,0.0050319479,0.010356205986608
82.8,0.0052820346,0.010883696132435
82.9,0.0052409864,0.010851853801462
83,0.0048392802,0.010064740407574
83.1,0.0044814909,0.009308844789562
83.2,0.0047646894,0.009835344349883
83.3,0.0047801101,0.009842346239301
83.4,0.005089103,0.010453750977631
83.5,0.0045258249,0.009314720995444
83.6,0.0045051902,0.009218141993800
83.7,0.0045961479,0.009345697048006
83.8,0.0049498616,0.010013033717613
83.9,0.00518176,0.010476838112207
84,0.0047020318,0.009532899759301
84.1,0.0048703726,0.009836515865810
84.2,0.0054607686,0.011010822039552
84.3,0.0050842833,0.010320219117837
84.4,0.0051293065,0.010427015683521
84.5,0.0053439549,0.010886925253667
84.6,0.0047810734,0.009792492954404
84.7,0.0052810862,0.010789635282462
84.8,0.0051956905,0.010663471655373
84.9,0.0048218219,0.009930420387710
85,0.0044810032,0.009212058097900
85.1,0.0049258347,0.010061173780665
85.2,0.0049135081,0.010030366777850
85.3,0.0048838757,0.009962403386176
85.4,0.0049371424,0.010059143042166
85.5,0.0051772083,0.010543248972686
85.6,0.0053527588,0.010932583367971
85.7,0.0047055778,0.009664601844245
85.8,0.0045685834,0.009350761247231
85.9,0.0045548333,0.009272401023958
86,0.0045485586,0.009207026774252
86.1,0.0054632837,0.010993581387130
86.2,0.0048710905,0.009867051338654
86.3,0.0047090419,0.009523991554850
86.4,0.0054476867,0.010976226961060
86.5,0.0052878647,0.010723098653691
86.6,0.0046396502,0.009449757748162
86.7,0.0045904762,0.009307092187603
86.8,0.004678891,0.009436107763407
86.9,0.0048395743,0.009718711025786
87,0.0050862359,0.010191489154436
87.1,0.004945739,0.009920856205080
87.2,0.0050949948,0.010212059837918
87.3,0.0049365403,0.009906629257483
87.4,0.004875836,0.009775852913957
87.5,0.0048977406,0.009802463322134
87.6,0.0051232572,0.010238292135773
87.7,0.0049451665,0.009897503099597
87.8,0.0046672926,0.009333205383542
87.9,0.0052123046,0.010375268854791
88,0.0055273154,0.011031362545716
88.1,0.0051948945,0.010443051388929
88.2,0.0048878417,0.009852602085657
88.3,0.0053399394,0.010748238355792
88.4,0.0052873418,0.010694002675206
88.5,0.0052412755,0.010646086690736
88.6,0.0048099634,0.009806700542272
88.7,0.0044587998,0.009070581967116
88.8,0.00495448,0.010008944163742
88.9,0.0051150692,0.010328394435679
89,0.0051144104,0.010345102580524
89.1,0.0051045299,0.010343642558255
89.2,0.0052492789,0.010655174556856
89.3,0.0048148612,0.009810989454457
89.4,0.0048045473,0.009768773337145
89.5,0.0048461257,0.009830026457762
89.6,0.0047992741,0.009716910326320
89.7,0.0051676217,0.010436078501523
89.8,0.0046113152,0.009335864126124
89.9,0.0047784762,0.009625402751556
90,0.0051664236,0.010376137456482
90.1,0.0053429812,0.010755358983168
90.2,0.0047835356,0.009676390762123
90.3,0.0046255188,0.009330745468091
90.4,0.0051044008,0.010245851787081
90.5,0.00450185,0.009049088013345
90.6,0.0054487372,0.010879965360238
90.7,0.0048805959,0.009805178493155
90.8,0.0050225402,0.010073750832356
90.9,0.0048492189,0.009728525023410
91,0.0047778527,0.009565176962632
91.1,0.0048182832,0.009616124529798
91.2,0.0053769009,0.010702556062943
91.3,0.0046415164,0.009284677529189
91.4,0.0051765363,0.010304029671195
91.5,0.0045772293,0.009130609111261
91.6,0.005015361,0.009946601996370
91.7,0.0049341969,0.009783874354731
91.8,0.0047162303,0.009339755154051
91.9,0.0053441744,0.010539227802983
92,0.0052337186,0.010364366281130
92.1,0.004559676,0.009054528350181
92.2,0.0053810686,0.010620409391046
92.3,0.0051221411,0.010156981077698
92.4,0.004841318,0.009612301319330
92.5,0.0049808296,0.009864852100307
92.6,0.0048878286,0.009674052504950
92.7,0.0050935863,0.010061754417796
92.8,0.0052980663,0.010473655802499
92.9,0.0054057687,0.010725059655293
93,0.0047662711,0.009505956362796
93.1,0.0050162514,0.009971014253146
93.2,0.0049242833,0.009787203377302
93.3,0.0046032802,0.009136910853053
93.4,0.0046507333,0.009179797139206
93.5,0.0048035768,0.009433439760958
93.6,0.005190482,0.010160374801145
93.7,0.0054540814,0.010695528315823
93.8,0.0050116518,0.009881911268133
93.9,0.0054384382,0.010719222154035
94,0.0048585215,0.009628527420942
94.1,0.0047550962,0.009401985389136
94.2,0.0049508311,0.009752853004395
94.3,0.0055449202,0.010909771455638
94.4,0.0051618953,0.010226328250318
94.5,0.0049307666,0.009785854782544
94.6,0.0050320008,0.009973845116200
94.7,0.0051991618,0.010305463877733
94.8,0.0055090744,0.010945015424616
94.9,0.0049344492,0.009869879190621
95,0.0045813723,0.009154192481366
95.1,0.0050041151,0.009941905821712
95.2,0.0051584876,0.010245728512548
95.3,0.005304347,0.010554579111141
95.4,0.0054027835,0.010792521167842
95.5,0.0046418803,0.009323185888583
95.6,0.0046354074,0.009265389261408
95.7,0.005223404,0.010388520414305
95.8,0.0053803039,0.010730113548860
95.9,0.0051030586,0.010228848803205
96,0.0051745488,0.010386049600429
96.1,0.0054873393,0.011040108473127
96.2,0.0044953588,0.009107395630521
96.3,0.0054249765,0.010918944253145
96.4,0.0046724018,0.009461352586901
96.5,0.0054624063,0.011014271003216
96.6,0.0049883747,0.010125804422336
96.7,0.00474508,0.009633202767023
96.8,0.0051977355,0.010518389039198
96.9,0.005055333,0.010260799198172
97,0.0052950334,0.010758781598441
97.1,0.0052711012,0.010758788790565
97.2,0.0050783411,0.010410537886214
97.3,0.005139567,0.010554109058917
97.4,0.0050413199,0.010379863863007
97.5,0.0047476194,0.009788089649612
97.6,0.0049410265,0.010158495989659
97.7,0.0050682155,0.010418388377765
97.8,0.0047264538,0.009731972907636
97.9,0.0052755686,0.010828879107488
98,0.0048357987,0.009972240508792
98.1,0.0053080889,0.010929223710023
98.2,0.0046575918,0.009640142559630
98.3,0.0053342019,0.010997222817702
98.4,0.0044944547,0.009318651601080
98.5,0.0048112804,0.009914689286521
98.6,0.0052312596,0.010759535438683
98.7,0.0053351458,0.011017771205808
98.8,0.0046955763,0.009752922633807
98.9,0.0048974481,0.010138469127981
99,0.0049090097,0.010156622854412
99.1,0.0051855205,0.010724201297641
99.2,0.005277069,0.010952680404243
99.3,0.0049942873,0.010418551697098
99.4,0.0045833768,0.009571557274155
99.5,0.0052799808,0.010973995046422
99.6,0.0049220726,0.010283238604991
99.7,0.0044667011,0.009332444199942
99.8,0.0046092371,0.009569323154360
99.9,0.0052512836,0.010852972116530
100,0.0046,0.009500000000000
